id;set;set_id;type;title;level;question_text;definition;sentence;opt1;opt2;opt3;opt4;correct_answer;explanation;example1;example2;example3;example4;usage1;tip;image_url;description;audio_url;prompt;transcript;front_fields
;Math Symbols - Groups;;deep_dive;Arithmetic Symbols Group;A2;;"Basic arithmetic symbols: plus (+), minus (-), asterisk (*), slash (/), percent (%). Used for math operations in both math and code.";;;;;;;;;"x = 5 + 3 (addition)";"y = 10 - 2 (subtraction)";"area = width * height (multiplication)";"avg = total / count (division)";;"Remember: In coding, * is always multiplication, not ·";uploads/images/math/arithmetic-symbols.jpg;;;;;;
;Math Symbols - Groups;;deep_dive;Relational (Comparison) Symbols Group;A2;;"Symbols that compare two values and return true/false: = (assignment), == (equal to), != (not equal to), < (less), > (greater), <=, >=.";;;;;;;;;"if (age >= 18) -> adult";"while (x != 0) -> loop";"score == 100 -> perfect";"if (a < b) -> smaller";;"In code, = is assignment, == is comparison. Don't mix them!";uploads/images/math/comparison-symbols.jpg;;;;;;
;Math Symbols - Groups;;deep_dive;Logical (Boolean) Symbols Group;A2;;"Logical operators: && (AND), || (OR), ! (NOT). Also bitwise: &, |, ^, ~. Used for conditions and bit manipulation.";;;;;;;;;"if (isLoggedIn && hasPermission) -> allow";"if (isWeekend || isHoliday) -> rest";"!isActive -> false if true";"flags = flags | MASK (bitwise OR)";;"&& and || short-circuit: they stop early if first condition decides outcome.";uploads/images/math/logical-symbols.jpg;;;;;;
;Math Symbols - Groups;;deep_dive;Assignment & Increment/Decrement Group;A2;;"Assignment operators: =, +=, -=, ++, --. They change variable values. ++ adds 1, -- subtracts 1.";;;;;;;;;"x = 10 (assign)";"x += 5 (same as x = x + 5)";"count++ (increment after use)";"--total (decrement before use)";;"++x increments first, then returns; x++ returns then increments.";uploads/images/math/assignment-symbols.jpg;;;;;;
;Math Symbols - Groups;;deep_dive;Grouping & Block Symbols Group;A2;;"Symbols that group code or expressions: parentheses (), square brackets [], curly braces {}, angle brackets <>.";;;;;;;;;"function call: myFunc()";"array index: arr[0]";"code block: if (x) { ... }";"generics: List<String>";;"Parentheses change math order: (a+b)*c is not a+b*c.";uploads/images/math/grouping-symbols.jpg;;;;;;
;Math Symbols - Groups;;deep_dive;Backslash Symbol Group;A2;;"Backslash \ is rare in math (set difference: A \ B) but very common in code: escape sequences (\n newline, \t tab), Windows paths (C:\Users), and line continuation.";;;;;;;;;"print(""Hello\nWorld"") -> two lines";"path = ""C:\Data\file.txt""";"A = {1,2,3} \ {2} -> {1,3}";"print(""She said \"Hi\"\"")";;"Never confuse \ (backslash) with / (forward slash). Say ""backslash"" clearly.";uploads/images/math/backslash.jpg;;;;;;
;Math Symbols - Groups;;deep_dive;Constants & Set Symbols Group;A2;;"Special math symbols used in code as constants or in comments: π (pi), e (Euler's number), ∞ (infinity), √ (square root), ∈ (belongs to), ∪ (union), ∩ (intersection).";;;;;;;;;;"area = π * r * r";"if (value ∈ allowedSet)";"newSet = setA ∪ setB";"sqrt(16) = 4";;"In code, use Math.PI, Math.E, Math.sqrt(), and array methods for sets.";uploads/images/math/constants-sets.jpg;;;;;;
;Code Punctuation & Special Symbols;;deep_dive;Punctuation & Special Symbols Group;A1;;"Symbols used almost exclusively in code, not math: double quote ("), single quote ('), hyphen/dash (- in identifiers), underscore (_), at (@), hash (#), dollar ($), dot (.), comma (,), semicolon (;), colon (:), question mark (?), ellipsis (...), backtick (`). Essential for reading code aloud.";;;;;;;;;"string delimiters: ""text""";"object access: user.name";"statement terminator: x = 5;";"ternary: condition ? a : b";;"Always say the symbol name exactly – never substitute descriptions like ""that squiggly thing"".";uploads/images/code/punctuation-group.jpg;;;;;;
;Math Symbols - Individual;;deep_dive;Plus sign (+);A1;;"Addition operator. In math: sum of two numbers. In code: numeric addition or string concatenation.";;;;;;;;;"Math: 5 + 3 = 8";"Code: total = price + tax;";"Code: message = ""Hello"" + "" World"";";"Concatenation: " + "" joins strings";;"In JavaScript, + with a string converts numbers to string.";uploads/images/math/plus.jpg;;;;;;
;Math Symbols - Individual;;deep_dive;Minus sign (-);A1;;"Subtraction or negation. In math: difference. In code: subtract or make negative.";;;;;;;;;"Math: 10 - 4 = 6";"Code: balance = balance - withdraw;";"Code: temperature = -5 (negative)";"x = -x (negation)";;"Use - for both subtraction and unary minus.";uploads/images/math/minus.jpg;;;;;;
;Math Symbols - Individual;;deep_dive;Asterisk (*);A1;;"Multiplication operator. Also used as pointer dereference (C/C++) or wildcard (file search). In math, x*y means x times y.";;;;;;;;;"Math: 7 * 6 = 42";"Code: area = width * height;";"Code: int *ptr (pointer declaration)";"Code: find *.txt (wildcard)";;"Never use 'x' for multiplication in code – always *.";uploads/images/math/asterisk.jpg;;;;;;
;Math Symbols - Individual;;deep_dive;Slash (/);A1;;"Division operator. In math: a/b = a divided by b. In code: also used as path separator (Linux/macOS). In some languages, integer division truncates.";;;;;;;;;"Math: 15 / 3 = 5";"Code: result = total / count;";"Code: path = ""/home/user/""";"Integer division: 7/2 = 3 (in many languages)";;"For exact division, use float numbers: 7.0/2 = 3.5";uploads/images/math/slash.jpg;;;;;;
;Math Symbols - Individual;;deep_dive;Percent (%);A1;;"Modulo operator: remainder after division. In math: 10 mod 3 = 1. Very common in programming for even/odd checks and cyclic values.";;;;;;;;;"Math: 10 % 3 = 1";"Code: if (n % 2 == 0) -> even";"Code: index = counter % arrayLength";"Code: minutes = totalSeconds % 60";;"Modulo with negative numbers varies by language. In most, sign follows dividend.";uploads/images/math/percent.jpg;;;;;;
;Math Symbols - Individual;;deep_dive;Equals sign (=) and Double equals (==);A2;;"= is assignment: sets a variable to a value. == is comparison: checks if two values are equal. Confusing them is a common bug.";;;;;;;;;"Code: x = 10 (assign)";"Code: if (x == 10) -> compare";"Math: = means equality in equations, but code uses == for that";"Common bug: if (x = 5) (always true, assigns 5)";;"In many languages, use === for strict equality (type + value).";uploads/images/math/equals.jpg;;;;;;
;Math Symbols - Individual;;deep_dive;Not Equal (!=);A1;;"Inequality operator. Returns true if two values are different. In math, it's ≠, but in code we write !=.";;;;;;;;;"Code: if (age != 18) -> not 18";"Code: while (userInput != ""quit"")";"Code: if (status != SUCCESS) -> error";"Used in loops and conditionals";;"Some languages use <> for not equal, but != is most common.";uploads/images/math/not-equal.jpg;;;;;;
;Math Symbols - Individual;;deep_dive;Less than (<) and Greater than (>);A1;;"Compare numeric values. < means strictly smaller, > strictly larger. Also used as angle brackets in generics/HTML.";;;;;;;;;"Code: if (score < 60) -> fail";"Code: if (temperature > 40) -> hot";"Code: List<String> (generics)";"HTML tags: <div>";;"Be careful: in generics, <T> is not comparison.";uploads/images/math/less-greater.jpg;;;;;;
;Math Symbols - Individual;;deep_dive;Less than or equal (<=) and Greater than or equal (>=);A1;;"Inclusive comparisons. <= means smaller or equal, >= means larger or equal.";;;;;;;;;"Code: if (age >= 18) -> adult";"Code: if (speed <= 100) -> legal";"Code: while (index <= lastIndex)";"Math: x ≥ 0 means x is zero or positive";;"Use these for ranges: if (x >= 10 && x <= 20)";uploads/images/math/le-ge.jpg;;;;;;
;Math Symbols - Individual;;deep_dive;Logical AND (&&) and OR (||);A2;;"&& returns true only if both sides true. || returns true if at least one side true. Short-circuit evaluation.";;;;;;;;;"Code: if (loggedIn && hasPaid) -> allow";"Code: if (isWeekend || isHoliday) -> day off";"Code: let result = a && b (if a false, b not evaluated)";"Code: let name = userInput || ""Guest""";;"Use && for safety: if (obj && obj.prop)";uploads/images/math/and-or.jpg;;;;;;
;Math Symbols - Individual;;deep_dive;Logical NOT (!);A2;;"Negation operator. Turns true to false and false to true. Placed before a boolean expression. Also called 'bang' in some contexts.";;;;;;;;;"Code: if (!isActive) -> inactive";"Code: let isReady = !isLoading";"Code: while (!done) -> keep looping";"Code: if (!(age >= 18)) -> under 18";;"Double NOT (!!) converts any value to boolean.";uploads/images/math/not.jpg;;;;;;
;Math Symbols - Individual;;deep_dive;Increment (++) and Decrement (--);A1;;"Add 1 or subtract 1 to a variable. Can be prefix (++x) or postfix (x++). Difference: prefix returns new value, postfix returns old.";;;;;;;;;"Code: count++ (add 1 after using current value)";"Code: --total (subtract 1 before using)";"Code: for (i = 0; i < 10; i++)";"Code: let x = 5; let y = x++; // y=5, x=6";;"Use ++x in expressions when you need the updated value immediately.";uploads/images/math/increment.jpg;;;;;;
;Math Symbols - Individual;;deep_dive;Plus equals (+=) and Minus equals (-=);A1;;"Compound assignment: x += y means x = x + y. Similarly -=, *=, /=, %=. Shorter and cleaner.";;;;;;;;;"Code: total += price (same as total = total + price)";"Code: balance -= withdrawal";"Code: score *= 2 (double the score)";"Code: length /= 10 (divide by 10)";;"These operators modify the variable in place.";uploads/images/math/plus-equals.jpg;;;;;;
;Math Symbols - Individual;;deep_dive;Parentheses ();A1;;"Group expressions to change evaluation order. Also used for function calls and control structures.";;;;;;;;;"Math: (2+3)*4 = 20 (without parentheses: 2+3*4=14)";"Code: function call: myFunc()";"Code: if (condition)";"Code: while (x < 10)";;"Always use parentheses to make order clear, even when not required.";uploads/images/math/parentheses.jpg;;;;;;
;Math Symbols - Individual;;deep_dive;Square brackets [];A1;;"Used for array indexing and list creation. Also in regular expressions and character classes.";;;;;;;;;"Code: arr[0] = first element";"Code: let list = [1,2,3]";"Code: matrix[row][col] (2D array)";"Regex: [a-z] matches any letter";;"Index usually starts at 0 (zero-based).";uploads/images/math/square-brackets.jpg;;;;;;
;Math Symbols - Individual;;deep_dive;Curly braces {};A2;;"Define code blocks, objects, and sets. In JavaScript/JSON, they create objects. In C-like languages, they group statements.";;;;;;;;;"Code: if (condition) { doSomething(); }";"Code: let obj = { name: ""Anna"" }";"Code: function myFunc() { return 1; }";"Code: try { ... } catch { ... }";;"Every opening brace { must have a closing }.";uploads/images/math/braces.jpg;;;;;;
;Math Symbols - Individual;;deep_dive;Angle brackets <>;A2;;"Used for generics in languages like Java, C#, C++. Also for HTML tags. In math, they mean less than/greater than, but in generics they are not comparisons.";;;;;;;;;"Code: List<String> list = new ArrayList<>();";"HTML: <div>content</div>";"Code: template <typename T>";"C++: std::vector<int> v;";;"Angle brackets in generics are not less than – they are part of type syntax.";uploads/images/math/angle-brackets.jpg;;;;;;
;Math Symbols - Individual;;deep_dive;Backslash \;A2;;"Escape character in strings. Turns special characters into literal ones or creates control characters. Also Windows path separator.";;;;;;;;;"Code: \n -> newline";"Code: \t -> tab";"Code: \\ -> literal backslash";"Code: \"" -> double quote inside string";;"To print a backslash, use double backslash: ""\\""";uploads/images/math/backslash-char.jpg;;;;;;
;Math Symbols - Individual;;deep_dive;Pi (π);A1;;"Mathematical constant ~3.14159. Ratio of circumference to diameter. In code, use Math.PI (JavaScript) or math.pi (Python).";;;;;;;;;;"Math: area = π * r²";"Code: let circumference = 2 * Math.PI * r";"Code: let radians = degrees * Math.PI / 180";"Code: Math.sin(Math.PI/2) = 1";;"π is irrational: never repeats.";uploads/images/math/pi.jpg;;;;;;
;Math Symbols - Individual;;deep_dive;Square root (√);A1;;"Returns a number that, when multiplied by itself, gives the original. In code, use sqrt() function.";;;;;;;;;"Math: √16 = 4";"Code: let side = Math.sqrt(area);";"Code: let distance = Math.sqrt(dx*dx + dy*dy);";"Code: let root = Math.sqrt(2); (≈1.414)";;"Negative numbers give NaN (Not a Number) in most languages.";uploads/images/math/sqrt.jpg;;;;;;
;Math Symbols - Individual;;deep_dive;Set symbols (∈, ∪, ∩);B1;;"∈ means ""belongs to"" (element of a set). ∪ is union (combine sets). ∩ is intersection (common elements). Used in algorithms and comments.";;;;;;;;;"Math: 5 ∈ {1,2,3,4,5} true";"Math: A ∪ B = all elements in A or B";"Math: A ∩ B = elements in both";"Code: if (userId ∈ allowedIds)";;"In code, use array methods like includes(), concat(), filter() for set operations.";uploads/images/math/set-symbols.jpg;;;;;;
;Code Punctuation & Special Symbols;;deep_dive;Double quote (");A1;;"Used to delimit string literals in most programming languages. Everything between two double quotes is treated as text.";;;;;;;;;"Code: let name = ""John"";";"Code: console.log(""Hello world"");";"Code: let empty = """"; (empty string)";"Code: ""She said \""Hi\"""" (escape inside)";;"Double quotes are often interchangeable with single quotes in JavaScript/Python, but not in C/Java.";uploads/images/code/double-quote.jpg;;;;;;
;Code Punctuation & Special Symbols;;deep_dive;Single quote (');A1;;"Used for character literals in C/Java (single character) and for strings in some languages like Python/JavaScript. In many languages, single quotes cannot span multiple lines.";;;;;;;;;"Code: char grade = 'A'; (C/Java)";"Code: let text = 'Hello'; (JavaScript)";"Code: '' (empty character not allowed in C)";"Code: '\\'' (escaped single quote)";;"In JSON, only double quotes are allowed.";uploads/images/code/single-quote.jpg;;;;;;
;Code Punctuation & Special Symbols;;deep_dive;Hyphen (as dash) - in identifiers;A1;;"When used inside a name (e.g., CSS class `user-profile`), it is called hyphen or dash. It is NOT subtraction. Most programming languages do NOT allow hyphen in variable names because it would be interpreted as minus.";;;;;;;;;"CSS: .user-profile { } -> ""dot user hyphen profile""";"Command line: --help -> ""dash dash help""";"File name: my-file.txt -> ""my hyphen file dot txt""";"In math: 5-3 -> here it is minus, not hyphen";;"If you see a hyphen inside an identifier, say 'hyphen', not 'minus'.";uploads/images/code/hyphen.jpg;;;;;;
;Code Punctuation & Special Symbols;;deep_dive;Underscore (_);A1;;"Used in variable names to separate words (snake_case). Often indicates private or internal fields. Also used as a placeholder for ignored values.";;;;;;;;;"Code: let user_name = ""Anna""; -> ""user underscore name""";"Code: for _ in range(10): (Python placeholder)";"Code: const API_KEY = ""123""; (constants)";"Code: _privateField (convention for private)";;"Underscore is a letter as far as the compiler is concerned – you can use it anywhere.";uploads/images/code/underscore.jpg;;;;;;
;Code Punctuation & Special Symbols;;deep_dive;At sign (@);A1;;"Used for decorators in Python, annotations in Java, and email addresses. Also used in some languages for special string literals (C# verbatim strings).";;;;;;;;;;"Python: @staticmethod";"Java: @Override";"Email: user@example.com -> ""user at example dot com""";"C#: @""C:\Users"" (verbatim string)";;"When reading email, say 'at', not 'at sign'.";uploads/images/code/at-sign.jpg;;;;;;
;Code Punctuation & Special Symbols;;deep_dive;Hash (#);A1;;"Used for single-line comments in Python, Ruby, and many scripting languages. Also for preprocessor directives in C/C++ and ID selectors in CSS. Common names: 'hash', 'pound', 'octothorpe'.";;;;;;;;;"Python: # This is a comment -> ""hash This is a comment""";"C: #include <stdio.h> -> ""hash include""";"CSS: #header { } -> ""hash header""";"URL anchor: page#section -> ""hash section""";;"Most programmers say 'hash' for # in code. 'Pound' is more common in US telephones.";uploads/images/code/hash.jpg;;;;;;
;Code Punctuation & Special Symbols;;deep_dive;Dollar sign ($);A1;;"Used for variables in PHP, shell scripting, and jQuery. Also used in regex for end-of-line.";;;;;;;;;"PHP: $name = ""John""; -> ""dollar name equals""";"jQuery: $('div') -> ""dollar open parenthesis quote div quote close parenthesis""";"Shell: echo $PATH -> ""echo dollar PATH""";"Regex: end$ -> ""end dollar""";;"In JavaScript template literals, `${var}` is called 'dollar curly brace'.";uploads/images/code/dollar.jpg;;;;;;
;Code Punctuation & Special Symbols;;deep_dive;Dot (.), period;A1;;"Used for object property access, decimal point in numbers, and directory separator in some contexts. Also used in import statements.";;;;;;;;;"Code: user.name -> ""user dot name""";"Math: 3.14 -> ""three point one four""";"Code: file.txt -> ""file dot txt""";"Code: import module.utils -> ""module dot utils""";;"Always say 'dot' for property access, not 'period'.";uploads/images/code/dot.jpg;;;;;;
;Code Punctuation & Special Symbols;;deep_dive;Comma (,);A1;;"Separates arguments in function calls, elements in arrays, and items in variable declarations.";;;;;;;;;"Code: function add(a, b, c) -> ""a comma b comma c""";"Code: let arr = [1, 2, 3]; -> ""one comma two comma three""";"Code: for (i = 0, j = 10; i < j; i++, j--)";"Code: let x = 5, y = 10;";;"Pause slightly after each comma when reading aloud.";uploads/images/code/comma.jpg;;;;;;
;Code Punctuation & Special Symbols;;deep_dive;Semicolon (;);A1;;"Terminates statements in C, Java, JavaScript, and many other languages. Optional in some (JavaScript automatic semicolon insertion, Python uses newlines).";;;;;;;;;;"Code: let x = 5; -> ""five semicolon""";"Code: for (i = 0; i < 10; i++) { ... }";"Code: return 0;";"In JavaScript: missing semicolon can cause bugs";;"Read it as 'semicolon' – not 'end of line'.";uploads/images/code/semicolon.jpg;;;;;;
;Code Punctuation & Special Symbols;;deep_dive;Colon (:);A1;;"Used in ternary operator (`? :`), label in JavaScript, dictionary key-value in Python, and inheritance in some languages (C++). Also in switch statements.";;;;;;;;;"Ternary: condition ? a : b -> ""question mark a colon b""";"Python dict: { 'key': 'value' } -> ""key colon value""";"JavaScript label: loop: for (...)";"C++ inheritance: class Dog : public Animal";;"Colon is also used in time (10:30) but that's not code.";uploads/images/code/colon.jpg;;;;;;
;Code Punctuation & Special Symbols;;deep_dive;Question mark (?);A1;;"Used in ternary operator (`? :`), optional chaining (`?.` in JavaScript), and as a wildcard in some contexts. Also used in nullable types (C#).";;;;;;;;;;"Ternary: condition ? trueValue : falseValue -> ""question mark trueValue colon falseValue""";"Optional chaining: obj?.prop -> ""obj question mark dot prop""";"Nullable: int? x = null; (C#)";"Regex: colou?r -> matches 'color' or 'colour'";;"When reading `?.`, say 'question mark dot'.";uploads/images/code/question-mark.jpg;;;;;;
;Code Punctuation & Special Symbols;;deep_dive;Ellipsis (...);A2;;"Three dots in a row. Used as rest/spread operator in JavaScript, varargs in Java, and range in some languages. Also indicates omission in comments.";;;;;;;;;"JavaScript spread: [...arr] -> ""dot dot dot arr""";"JavaScript rest: function f(...args) -> ""dot dot dot args""";"Java varargs: void method(String... args)";"Python range: for i in range(1, 10, 2) (not ellipsis)";;"Most common reading: 'dot dot dot' or 'ellipsis'.";uploads/images/code/ellipsis.jpg;;;;;;
;Code Punctuation & Special Symbols;;deep_dive;Backtick (`);A2;;"Used for template literals in JavaScript (allow embedded expressions) and for command substitution in shell scripts. Also used in Markdown for inline code.";;;;;;;;;"JavaScript: `Hello ${name}` -> ""backtick Hello dollar curly brace name close brace backtick""";"Shell: echo `date` -> ""backtick date backtick""";"Markdown: `code` -> ""backtick code backtick""";"MySQL: SELECT `column` FROM table";;"Never say 'single quote' for backtick – they are different.";uploads/images/code/backtick.jpg;;;;;;
;Code Punctuation & Special Symbols;;deep_dive;Escape sequence: newline (\n);A2;;"Represents a line break. When read aloud, say 'backslash n'. Used in strings to format output.";;;;;;;;;"Code: print(""Hello\nWorld"") -> ""Hello backslash n World""";"Code: let lines = ""First line\nSecond line"";";"Code: console.log(""Error\n"" + message);";"File writing: file.write(""Line1\nLine2"")";;"In most languages, \n is a single character (ASCII 10).";uploads/images/code/backslash-n.jpg;;;;;;
;Code Punctuation & Special Symbols;;deep_dive;Escape sequence: tab (\t);A2;;"Represents a horizontal tab character. Used for aligning text. Read as 'backslash t'.";;;;;;;;;"Code: print(""Name\tAge\nJohn\t25"") -> ""Name backslash t Age backslash n John backslash t 25""";"Code: let table = ""Col1\tCol2"";";"Code: console.log(""\tIndented"");";"Used in formatted output";;"Tab width varies depending on environment (usually 2-8 spaces).";uploads/images/code/backslash-t.jpg;;;;;;
;Code Punctuation & Special Symbols;;deep_dive;Escape sequence: carriage return (\r);A2;;"Older line ending character (used with \n in Windows: \r\n). Read as 'backslash r'. Rarely used alone in modern code.";;;;;;;;;"Windows line endings: ""Line1\r\nLine2"" -> ""Line1 backslash r backslash n Line2""";"Code: print(""Loading...\rDone"") (overwrites line)";"Old Mac (pre-OS X): \r alone";"Not common in modern high-level languages";;"In JavaScript, \r is still valid but rarely needed.";uploads/images/code/backslash-r.jpg;;;;;;
;Math Symbols Quiz;;multiple_choice;Symbol identification: modulo;A1;"Which symbol gives the remainder after division?";;;"* (asterisk)";"/ (slash)";"% (percent)";"^ (caret)";2;"% is the modulo operator. Example: 10 % 3 = 1.";uploads/images/quiz/modulo.jpg;;;;;;;
;Math Symbols Quiz;;multiple_choice;Logical AND symbol;A1;"Which symbol represents logical AND in most programming languages?";;;"&";"&&";"||";"AND";1;"&& is logical AND. Example: if (x > 0 && y > 0) -> both positive.";uploads/images/quiz/and.jpg;;;;;;;
;Math Symbols Quiz;;multiple_choice;Difference between = and ==;A2;"In programming, what is the difference between = and ==?";;;"Both are the same";"= is assignment, == is comparison";"= is comparison, == is assignment";"= is not used";1;"= assigns a value; == compares values. Using = in an if condition is a common bug.";uploads/images/quiz/equals-vs.jpg;;;;;;;
;Math Symbols Quiz;;multiple_choice;Not equal symbol;A1;"Which symbol means 'not equal to' in most languages?";;;"<>";"!=";"≠";"=/=";1;"!= is standard. Example: if (answer != 42) -> not correct.";uploads/images/quiz/not-equal-q.jpg;;;;;;;
;Math Symbols Quiz;;multiple_choice;Increment operator;A1;"What does ++ do?";;;"Adds 2";"Subtracts 1";"Adds 1";"Multiplies by 1";2;"++ increments by 1. x++ is same as x = x + 1.";uploads/images/quiz/increment.jpg;;;;;;;
;Math Symbols Quiz;;multiple_choice;Backslash usage;A2;"What is the primary use of backslash (\) in programming strings?";;;"Division";"Path separator only";"Escape character";"Multiplication";2;"Backslash escapes special characters. Examples: \n (newline), \t (tab), \\ (literal backslash).";uploads/images/quiz/backslash-q.jpg;;;;;;;
;Math Symbols Quiz;;multiple_choice;Less than or equal;A1;"Which symbol means 'less than or equal to'?";;;"<";"<=";"=<";">=";1;"<= is less than or equal. Example: if (score <= 100) -> valid.";uploads/images/quiz/le.jpg;;;;;;;
;Math Symbols Quiz;;multiple_choice;Square root in code;A1;"How do you calculate the square root of 16 in most programming languages?";;;"√16";"16^0.5";"sqrt(16)";"root(16)";2;"Most languages provide a sqrt() function: Math.sqrt(16) in JavaScript/Java, math.sqrt(16) in Python.";uploads/images/quiz/sqrt-q.jpg;;;;;;;
;Math Symbols Quiz;;multiple_choice;Logical OR;A1;"Which operator returns true if at least one condition is true?";;;"&&";"!";"||";"&";2;"|| is logical OR. Example: if (isWeekend || isHoliday) -> day off.";uploads/images/quiz/or.jpg;;;;;;;
;Math Symbols Quiz;;multiple_choice;Assignment vs Comparison;A2;"What is the correct way to check if x is equal to 5?";;;"x = 5";"x == 5";"x != 5";"x === 5 (only in JS)";1;"x == 5 compares. x = 5 would assign 5 to x, which is usually a bug.";uploads/images/quiz/check-equals.jpg;;;;;;;
;Math Symbols Quiz;;multiple_choice;Pi constant;A1;"What is the approximate value of π?";;;"1.41";"3.14";"2.71";"1.62";1;"π ≈ 3.14159. Used for circles: circumference = 2πr.";uploads/images/quiz/pi-q.jpg;;;;;;;
;Math Symbols Quiz;;multiple_choice;Modulo use case;A2;"Which problem can modulo (%) solve?";;;"Multiply two numbers";"Check if a number is even or odd";"Divide decimals";"Find square root";1;"n % 2 == 0 is even, n % 2 == 1 is odd. Also used for cyclic indices.";uploads/images/quiz/modulo-use.jpg;;;;;;;
;Math Symbols Quiz;;multiple_choice;Difference between / and \ ;A2;"What is the difference between forward slash (/) and backslash (\) in programming?";;;"No difference";" / is division, \ is escape";" / is escape, \ is division";" / is path separator on Windows, \ is on Linux";1;"/ is division (and path on Linux/macOS). \ is escape (and Windows path).";uploads/images/quiz/slash-vs-backslash.jpg;;;;;;;
;Math Symbols Quiz;;multiple_choice;Logical NOT;A1;"What does ! (exclamation) do?";;;"And";"Or";"Negation (flips true/false)";"Assignment";2;"! reverses boolean: !true = false, !false = true.";uploads/images/quiz/not-q.jpg;;;;;;;
;Code Punctuation Quiz;;multiple_choice;Double quote name;A1;"What is the name of the symbol "" ?";;;"Single quote";"Double quote";"Apostrophe";"Backtick";1;"It is called 'double quote' or 'quotation mark'.";uploads/images/quiz/double-quote-q.jpg;;;;;;;
;Code Punctuation Quiz;;multiple_choice;Underscore name;A1;"What is the name of the symbol _ ?";;;"Hyphen";"Underscore";"Dash";"Underline (both b and d are correct, but most common is underscore)";1;"Underscore (or underline). Used in snake_case variable names.";uploads/images/quiz/underscore-q.jpg;;;;;;;
;Code Punctuation Quiz;;multiple_choice;At sign usage;A1;"In Python, what is the @ symbol used for?";;;"Multiplication";"Decorators";"Comments";"String delimiter";1;"@ is used for decorators in Python. Example: @staticmethod";uploads/images/quiz/at-sign-q.jpg;;;;;;;
;Code Punctuation Quiz;;multiple_choice;Hash symbol name;A1;"What is the most common name for # in programming?";;;"Pound";"Octothorpe";"Hash";"Number sign";2;"Most programmers say 'hash'. Example: # comment in Python.";uploads/images/quiz/hash-q.jpg;;;;;;;
;Code Punctuation Quiz;;multiple_choice;Dollar sign usage;A1;"In PHP, what does $ indicate?";;;"End of line";"Variable";"Comment";"String";1;"$ precedes variable names in PHP: $name = 'John';";uploads/images/quiz/dollar-q.jpg;;;;;;;
;Code Punctuation Quiz;;multiple_choice;Dot in code;A1;"What does the dot (.) do in JavaScript?";;;"Decimal point";"Object property access";"String concatenation";"All of the above";3;"Dot is used for decimal numbers (3.14) and property access (user.name). In some languages, + is for concatenation.";uploads/images/quiz/dot-q.jpg;;;;;;;
;Code Punctuation Quiz;;multiple_choice;Semicolon purpose;A1;"What is the primary purpose of semicolon (;) in C/Java?";;;"Separate arguments";"End of statement";"Decimal point";"Comment";1;"Semicolon terminates statements. Example: x = 5;";uploads/images/quiz/semicolon-q.jpg;;;;;;;
;Code Punctuation Quiz;;multiple_choice;Colon in ternary;A2;"In the ternary operator `condition ? a : b`, what does the colon mean?";;;"Else";"Then";"Separator between true and false values";"Assignment";2;"Colon separates the true value from the false value. Read as 'colon'.";uploads/images/quiz/colon-q.jpg;;;;;;;
;Code Punctuation Quiz;;multiple_choice;Question mark in optional chaining;A2;"In JavaScript, what does `?.` mean?";;;"Ternary operator";"Optional chaining";"Null coalescing";"Exclamation";1;"`?.` is optional chaining: it returns undefined if the left side is null/undefined.";uploads/images/quiz/question-mark-q.jpg;;;;;;;
;Code Punctuation Quiz;;multiple_choice;Ellipsis name;A1;"What is the name of `...` in JavaScript?";;;"Triple dot";"Spread/rest operator";"Ellipsis";"All of the above";3;"Most common names: 'spread operator', 'rest operator', or 'dot dot dot'.";uploads/images/quiz/ellipsis-q.jpg;;;;;;;
;Code Punctuation Quiz;;multiple_choice;Backtick usage;A2;"In JavaScript, what are backticks `` ` `` used for?";;;"Strings only";"Template literals";"Comments";"Regular expressions";1;"Backticks allow template literals: `${variable}` inside.";uploads/images/quiz/backtick-q.jpg;;;;;;;
;Code Punctuation Quiz;;multiple_choice;Escape sequence for newline;A1;"How do you write a newline character in a string?";;;"\n";"/n";"\\n";"&nl;";0;"Backslash n: \n. Read as 'backslash n'.";uploads/images/quiz/newline-q.jpg;;;;;;;
;Code Punctuation Quiz;;multiple_choice;Hyphen vs minus;A2;"In a CSS class name `user-profile`, how do you read the '-' ?";;;;"Minus";"Hyphen";"Dash (both b and c are accepted)";"Underscore";1;"When inside an identifier, it is called 'hyphen' or 'dash', not 'minus'.";uploads/images/quiz/hyphen-vs-minus.jpg;;;;;;;
;Code Punctuation & Special Symbols;;deep_dive;Address-of operator (& in C++);B1;;"In C++, & before a variable means 'address of'. It returns the memory address of the variable. Also used for reference types (int& ref = x).";;;;;;;;;;"int x = 5; int* ptr = &x; (ptr gets address of x)";"void func(int& ref) { ref = 10; } (reference parameter)";"cout << &x; (prints memory address)";"Do not confuse with bitwise AND (x & y)";;"Read as 'address of' when before a variable: &x = 'address of x'.";uploads/images/code/address-of.jpg;;;;;;
;Code Punctuation & Special Symbols;;deep_dive;Pipe (|) in shell;B1;;"In Unix/Linux shell, the pipe symbol | sends the output of one command as input to another. Also used as bitwise OR (single pipe) and logical OR (double pipe ||).";;;;;;;;;;"ls -l | grep '.txt' -> 'list long pipe grep dot txt'";"ps aux | grep python";"command1 | command2 | command3 (pipeline)";"In code: let flags = FLAG1 | FLAG2 (bitwise OR)";;"When reading shell commands, say 'pipe' for |. Example: 'ls pipe grep'.";uploads/images/code/pipe.jpg;;;;;;
;Code Punctuation & Special Symbols;;deep_dive;Not equal in SQL (<>);B1;;"In SQL, <> means 'not equal to'. Some languages also use <> for inequality (e.g., Basic, Pascal). Most C-style languages use !=.";;;;;;;;;"SQL: SELECT * FROM users WHERE age <> 18;";"SQL: WHERE status <> 'inactive'";"Pascal: if x <> y then ...";"Excel formula: =A1<>B1 (true if different)";;"Read as 'less than greater than' or 'not equal to'. But in SQL, say 'not equal'.";uploads/images/code/sql-not-equal.jpg;;;;;;
;Code Punctuation & Special Symbols;;deep_dive;Bitwise shift left (<<) and right (>>);B1;;"Shift all bits left (<<) or right (>>). Left shift multiplies by 2 for each position; right shift divides (integer division). Also used in C++ for stream insertion/extraction.";;;;;;;;;"Code: 1 << 3 = 8 (binary 0001 -> 1000)";"Code: 16 >> 2 = 4 (binary 10000 -> 00100)";"C++: cout << ""Hello""; (stream insertion)";"C++: cin >> x; (stream extraction)";;"Left shift by n is multiply by 2^n. Right shift by n is divide by 2^n (floor).";uploads/images/code/shift.jpg;;;;;;
;Code Punctuation & Special Symbols;;deep_dive;Null coalescing operator (??);B1;;"Returns the left-hand side if it is not null, otherwise returns the right-hand side. Available in C#, JavaScript, PHP, and others.";;;;;;;;;"C#: string name = input ?? ""Guest"";";"JavaScript: const value = a ?? 'default'; (nullish coalescing)";"PHP: $name = $_GET['name'] ?? 'Anonymous';";"Difference from ||: ?? only checks null/undefined, not falsy values.";;"Read as 'question mark question mark'. In JavaScript, ?? is 'nullish coalescing'.";uploads/images/code/null-coalescing.jpg;;;;;;
;Code Punctuation & Special Symbols;;deep_dive;Optional chaining (?.);B1;;"Allows reading a property deep inside an object without checking if each reference is valid. If any part is null/undefined, the expression returns undefined.";;;;;;;;;"JavaScript: const city = user?.address?.city;";"Code: obj?.method?.(); (safe method call)";"Equivalent to: if (user && user.address) city = user.address.city; else city = undefined;";"Also works with arrays: arr?.[0]";;"Read as 'question mark dot'. Example: 'user question mark dot address question mark dot city'.";uploads/images/code/optional-chaining.jpg;;;;;;
;Code Punctuation & Special Symbols;;deep_dive;Null coalescing assignment (??=);B2;;"Assigns the right-hand side to the left-hand side only if the left-hand side is null or undefined. Available in JavaScript, C#, etc.";;;;;;;;;"JavaScript: x ??= 10; (assigns 10 only if x is null or undefined)";"C#: name ??= ""Guest"";";"Equivalent to: if (x === null || x === undefined) x = 10;";"Useful for lazy initialization";;"Read as 'question mark question mark equals'. Say 'nullish coalescing assignment' in explanation.";uploads/images/code/null-coalescing-assign.jpg;;;;;;
;Code Punctuation & Special Symbols;;deep_dive;Scope resolution operator (::);B2;;"In C++, :: is used to access namespaces, static members, and to define methods outside the class. Also used in PHP for static methods.";;;;;;;;;"C++: std::cout << ""Hello""; (namespace scope)";"C++: void MyClass::myMethod() { } (method definition)";"PHP: MyClass::staticMethod();";"C++: ::globalVariable (global scope)";;"Read as 'double colon' or 'scope resolution'.";uploads/images/code/scope-resolution.jpg;;;;;;
;Code Punctuation & Special Symbols;;deep_dive;Windows line ending (\r\n);B2;;"Two-character sequence: carriage return (\r) followed by newline (\n). Used as line terminator in Windows text files. Read as 'backslash r backslash n'.";;;;;;;;;"Windows file: ""Line1\r\nLine2\r\n""";"In code, often handled automatically";"Git may convert between \\r\\n and \\n (autocrlf)";"Comparing files: different line endings cause false differences";;"When reading, say 'backslash r backslash n' or 'Windows line ending'.";uploads/images/code/windows-line-ending.jpg;;;;;;
;Extra Symbols Quiz;;multiple_choice;Address-of operator in C++;B1;"What does & mean when placed before a variable in C++ (e.g., &x)?";;;"Bitwise AND";"Logical AND";"Address of";"Reference declaration";2;"& before variable gives memory address. Example: int* ptr = &x;";uploads/images/quiz/address-of-q.jpg;;;;;;;
;Extra Symbols Quiz;;multiple_choice;Pipe in shell;A2;"In Unix/Linux shell, what does the | symbol do?";;;"Execute both commands in parallel";"Send output of left command as input to right command";"Run command in background";"Or condition";1;"Pipe connects commands: left | right. Example: ls | grep txt";uploads/images/quiz/pipe-q.jpg;;;;;;;
;Extra Symbols Quiz;;multiple_choice;SQL not equal;A2;"In SQL, which symbol means 'not equal to'?";;;"!=";"<>";"/=";"≠";1;"SQL uses <> for not equal. Example: WHERE age <> 18";uploads/images/quiz/sql-not-equal-q.jpg;;;;;;;
;Extra Symbols Quiz;;multiple_choice;Left shift effect;A2;"What does 1 << 3 evaluate to in most languages?";;;"3";"4";"6";"8";3;"1 << 3 shifts bits left by 3 positions: binary 0001 becomes 1000 = 8.";uploads/images/quiz/left-shift-q.jpg;;;;;;;
;Extra Symbols Quiz;;multiple_choice;Null coalescing operator;A2;"What does the ?? operator do in JavaScript?";;;"Logical OR";"Nullish coalescing: returns right side if left is null/undefined";"Assignment";"Comparison";1;"?? returns left if not null/undefined, otherwise right. Different from ||.";uploads/images/quiz/null-coalescing-q.jpg;;;;;;;
;Extra Symbols Quiz;;multiple_choice;Optional chaining;A2;"What does `user?.address?.city` do in JavaScript?";;;"Crashes if user or address is null";"Safely accesses city, returns undefined if any part is null";"Always returns user.address.city";"Throws an error";1;"Optional chaining (?.) stops and returns undefined if any property is null/undefined.";uploads/images/quiz/optional-chaining-q.jpg;;;;;;;
;Extra Symbols Quiz;;multiple_choice;Null coalescing assignment;A2;"What does `x ??= 10` do?";;;"Always assigns 10 to x";"Assigns 10 only if x is null or undefined";"Compares x to 10";"Subtracts 10 from x";1;"??= assigns right side only if left is null/undefined.";uploads/images/quiz/null-coalescing-assign-q.jpg;;;;;;;
;Extra Symbols Quiz;;multiple_choice;Scope resolution operator;B2;"In C++, what is :: used for?";;;"Bitwise OR";"Double colon for namespace, static members, and method definition";"Comparison";"Line continuation";1;"Example: std::cout (std namespace) or MyClass::myMethod";uploads/images/quiz/scope-resolution-q.jpg;;;;;;;
;Extra Symbols Quiz;;multiple_choice;Windows line ending;A2;"What characters represent a line ending in Windows text files?";;;"\n only";"\r\n";"\n\r";"\r only";1;"Windows uses carriage return + newline: \r\n";uploads/images/quiz/windows-line-ending-q.jpg;;;;;;;
